"Label (Grouping)","Agoura Hills-Malibu CCD, Los Angeles County, California!!Total!!Estimate","Agoura Hills-Malibu CCD, Los Angeles County, California!!Male!!Estimate","Agoura Hills-Malibu CCD, Los Angeles County, California!!Female!!Estimate","Compton CCD, Los Angeles County, California!!Total!!Estimate","Compton CCD, Los Angeles County, California!!Male!!Estimate","Compton CCD, Los Angeles County, California!!Female!!Estimate","Downey-Norwalk CCD, Los Angeles County, California!!Total!!Estimate","Downey-Norwalk CCD, Los Angeles County, California!!Male!!Estimate","Downey-Norwalk CCD, Los Angeles County, California!!Female!!Estimate","East San Gabriel Valley CCD, Los Angeles County, California!!Total!!Estimate","East San Gabriel Valley CCD, Los Angeles County, California!!Male!!Estimate","East San Gabriel Valley CCD, Los Angeles County, California!!Female!!Estimate","Inglewood CCD, Los Angeles County, California!!Total!!Estimate","Inglewood CCD, Los Angeles County, California!!Male!!Estimate","Inglewood CCD, Los Angeles County, California!!Female!!Estimate","Long Beach-Lakewood CCD, Los Angeles County, California!!Total!!Estimate","Long Beach-Lakewood CCD, Los Angeles County, California!!Male!!Estimate","Long Beach-Lakewood CCD, Los Angeles County, California!!Female!!Estimate","Los Angeles CCD, Los Angeles County, California!!Total!!Estimate","Los Angeles CCD, Los Angeles County, California!!Male!!Estimate","Los Angeles CCD, Los Angeles County, California!!Female!!Estimate","Newhall CCD, Los Angeles County, California!!Total!!Estimate","Newhall CCD, Los Angeles County, California!!Male!!Estimate","Newhall CCD, Los Angeles County, California!!Female!!Estimate","North Antelope Valley CCD, Los Angeles County, California!!Total!!Estimate","North Antelope Valley CCD, Los Angeles County, California!!Male!!Estimate","North Antelope Valley CCD, Los Angeles County, California!!Female!!Estimate","Palos Verdes CCD, Los Angeles County, California!!Total!!Estimate","Palos Verdes CCD, Los Angeles County, California!!Male!!Estimate","Palos Verdes CCD, Los Angeles County, California!!Female!!Estimate","Pasadena CCD, Los Angeles County, California!!Total!!Estimate","Pasadena CCD, Los Angeles County, California!!Male!!Estimate","Pasadena CCD, Los Angeles County, California!!Female!!Estimate","San Fernando Valley CCD, Los Angeles County, California!!Total!!Estimate","San Fernando Valley CCD, Los Angeles County, California!!Male!!Estimate","San Fernando Valley CCD, Los Angeles County, California!!Female!!Estimate","Santa Monica CCD, Los Angeles County, California!!Total!!Estimate","Santa Monica CCD, Los Angeles County, California!!Male!!Estimate","Santa Monica CCD, Los Angeles County, California!!Female!!Estimate","South Antelope Valley CCD, Los Angeles County, California!!Total!!Estimate","South Antelope Valley CCD, Los Angeles County, California!!Male!!Estimate","South Antelope Valley CCD, Los Angeles County, California!!Female!!Estimate","South Bay Cities CCD, Los Angeles County, California!!Total!!Estimate","South Bay Cities CCD, Los Angeles County, California!!Male!!Estimate","South Bay Cities CCD, Los Angeles County, California!!Female!!Estimate","South Gate-East Los Angeles CCD, Los Angeles County, California!!Total!!Estimate","South Gate-East Los Angeles CCD, Los Angeles County, California!!Male!!Estimate","South Gate-East Los Angeles CCD, Los Angeles County, California!!Female!!Estimate","Southwest San Gabriel Valley CCD, Los Angeles County, California!!Total!!Estimate","Southwest San Gabriel Valley CCD, Los Angeles County, California!!Male!!Estimate","Southwest San Gabriel Valley CCD, Los Angeles County, California!!Female!!Estimate","Torrance CCD, Los Angeles County, California!!Total!!Estimate","Torrance CCD, Los Angeles County, California!!Male!!Estimate","Torrance CCD, Los Angeles County, California!!Female!!Estimate","Upper San Gabriel Valley CCD, Los Angeles County, California!!Total!!Estimate","Upper San Gabriel Valley CCD, Los Angeles County, California!!Male!!Estimate","Upper San Gabriel Valley CCD, Los Angeles County, California!!Female!!Estimate","Whittier CCD, Los Angeles County, California!!Total!!Estimate","Whittier CCD, Los Angeles County, California!!Male!!Estimate","Whittier CCD, Los Angeles County, California!!Female!!Estimate"
"Workers 16 years and over","26,813","14,143","12,670","149,032","79,507","69,525","190,552","104,092","86,460","434,312","233,994","200,318","174,552","91,559","82,993","281,893","148,811","133,082","1,250,544","673,842","576,702","125,258","69,453","55,805","76,221","40,689","35,532","39,919","22,574","17,345","134,488","71,888","62,600","891,705","479,223","412,482","49,796","24,697","25,099","91,585","51,530","40,055","72,225","39,709","32,516","205,779","118,579","87,200","148,137","78,979","69,158","68,734","37,769","30,965","145,789","77,902","67,887","148,268","79,634","68,634"
"    MEANS OF TRANSPORTATION TO WORK","","","","","","","","","","","","","","","","","","","","","","","","","","","","","","","","","","","","","","","","","","","","","","","","","","","","","","","","","","","",""
"        Car, truck, or van","64.0%","64.1%","64.0%","87.4%","89.4%","85.0%","85.4%","87.4%","83.1%","83.2%","84.9%","81.2%","80.2%","81.5%","78.7%","78.1%","80.4%","75.6%","66.1%","67.9%","64.0%","79.5%","81.3%","77.2%","86.3%","87.2%","85.2%","73.6%","75.1%","71.6%","66.8%","66.6%","67.0%","75.7%","77.5%","73.7%","53.6%","53.0%","54.2%","86.3%","88.6%","83.2%","65.1%","66.4%","63.6%","83.2%","87.1%","77.9%","82.3%","83.4%","81.0%","77.4%","78.9%","75.5%","80.5%","81.3%","79.6%","85.0%","86.6%","83.1%"
"            Drove alone","60.0%","60.9%","59.0%","75.8%","79.1%","72.0%","74.0%","77.1%","70.2%","71.7%","73.6%","69.5%","69.3%","72.0%","66.4%","69.5%","71.9%","66.8%","58.1%","60.2%","55.6%","70.9%","73.4%","67.8%","75.2%","75.6%","74.6%","67.7%","69.8%","65.0%","61.1%","60.7%","61.5%","66.9%","68.9%","64.5%","50.6%","50.8%","50.4%","74.3%","76.8%","71.1%","61.2%","62.3%","59.7%","69.0%","73.7%","62.5%","71.1%","73.5%","68.4%","71.1%","73.0%","68.9%","69.4%","70.7%","68.0%","75.3%","77.5%","72.8%"
"            Carpooled","4.1%","3.2%","5.0%","11.6%","10.4%","13.1%","11.5%","10.3%","12.8%","11.5%","11.3%","11.8%","10.8%","9.6%","12.3%","8.6%","8.5%","8.8%","8.0%","7.7%","8.5%","8.6%","7.9%","9.4%","11.1%","11.6%","10.6%","5.9%","5.2%","6.6%","5.7%","6.0%","5.5%","8.9%","8.6%","9.2%","3.0%","2.3%","3.8%","12.0%","11.8%","12.2%","4.0%","4.1%","3.9%","14.2%","13.3%","15.4%","11.2%","9.9%","12.6%","6.2%","5.9%","6.6%","11.1%","10.7%","11.6%","9.6%","9.1%","10.3%"
"                In 2-person carpool","3.0%","2.4%","3.6%","8.7%","7.6%","9.8%","8.0%","6.8%","9.4%","8.1%","7.9%","8.4%","8.2%","7.8%","8.7%","6.7%","6.5%","6.9%","6.2%","5.8%","6.6%","6.1%","5.8%","6.4%","8.1%","8.2%","7.9%","4.6%","4.1%","5.3%","4.3%","4.4%","4.2%","6.6%","6.3%","7.0%","2.3%","1.5%","3.1%","7.4%","6.7%","8.3%","3.0%","3.1%","3.0%","10.7%","9.9%","11.7%","8.0%","6.7%","9.5%","4.5%","4.1%","4.9%","8.2%","7.8%","8.6%","6.2%","6.0%","6.6%"
"                In 3-person carpool","0.3%","0.2%","0.4%","1.4%","1.4%","1.4%","2.2%","2.2%","2.1%","2.0%","2.1%","2.0%","1.8%","1.2%","2.5%","1.3%","1.4%","1.1%","1.2%","1.1%","1.3%","1.2%","1.0%","1.5%","1.8%","1.8%","1.8%","0.7%","0.5%","1.1%","0.7%","0.8%","0.7%","1.4%","1.4%","1.4%","0.2%","0.1%","0.4%","2.5%","2.7%","2.2%","0.5%","0.5%","0.6%","2.5%","2.3%","2.7%","2.0%","2.1%","2.0%","1.2%","0.9%","1.6%","1.8%","1.8%","1.9%","1.7%","1.4%","2.0%"
"                In 4-or-more person carpool","0.8%","0.6%","1.0%","1.6%","1.3%","1.8%","1.3%","1.2%","1.3%","1.4%","1.4%","1.4%","0.8%","0.6%","1.1%","0.7%","0.6%","0.7%","0.7%","0.7%","0.6%","1.3%","1.1%","1.5%","1.2%","1.6%","0.9%","0.5%","0.6%","0.3%","0.7%","0.8%","0.7%","0.9%","1.0%","0.8%","0.5%","0.7%","0.3%","2.1%","2.5%","1.7%","0.4%","0.5%","0.3%","1.1%","1.1%","1.1%","1.1%","1.1%","1.2%","0.6%","0.9%","0.1%","1.1%","1.1%","1.1%","1.7%","1.7%","1.7%"
"            Workers per car, truck, or van","1.04","1.03","1.05","1.08","1.07","1.09","1.08","1.07","1.09","1.08","1.08","1.09","1.08","1.07","1.10","1.06","1.06","1.07","1.07","1.07","1.08","1.06","1.06","1.07","1.08","1.08","1.07","1.05","1.04","1.05","1.05","1.05","1.05","1.07","1.07","1.07","1.03","1.03","1.04","1.09","1.09","1.09","1.03","1.04","1.03","1.10","1.09","1.12","1.08","1.07","1.09","1.05","1.04","1.05","1.08","1.08","1.09","1.07","1.06","1.08"
"        Public transportation (excluding taxicab)","0.2%","0.2%","0.1%","3.2%","2.9%","3.5%","2.2%","1.7%","2.8%","2.1%","1.9%","2.3%","4.5%","4.3%","4.7%","3.4%","3.0%","3.8%","8.2%","7.8%","8.6%","1.7%","1.5%","2.0%","1.3%","1.3%","1.3%","1.2%","1.1%","1.3%","3.2%","2.9%","3.6%","3.2%","3.0%","3.5%","2.8%","3.4%","2.1%","1.2%","1.2%","1.3%","0.7%","0.9%","0.5%","5.4%","4.2%","7.1%","2.4%","1.6%","3.4%","1.1%","1.2%","1.0%","3.1%","3.5%","2.6%","1.6%","1.4%","1.8%"
"        Walked","3.0%","2.6%","3.4%","1.1%","0.9%","1.3%","1.4%","1.7%","1.0%","1.7%","1.5%","1.9%","2.0%","2.1%","1.8%","2.4%","2.1%","2.6%","4.0%","3.6%","4.6%","0.7%","0.6%","0.8%","1.2%","1.1%","1.4%","4.2%","4.0%","4.6%","3.1%","3.5%","2.6%","1.8%","1.6%","2.0%","5.4%","5.7%","5.1%","0.9%","0.6%","1.3%","2.7%","2.5%","2.9%","2.5%","1.8%","3.4%","1.6%","1.6%","1.6%","1.0%","0.7%","1.2%","1.5%","1.5%","1.6%","1.3%","1.1%","1.5%"
"        Bicycle","0.4%","0.1%","0.6%","0.2%","0.2%","0.1%","0.4%","0.5%","0.3%","0.4%","0.6%","0.1%","0.8%","1.3%","0.2%","0.5%","0.7%","0.4%","0.9%","1.3%","0.4%","0.1%","0.1%","0.0%","0.4%","0.4%","0.3%","0.8%","1.3%","0.1%","0.9%","1.5%","0.2%","0.3%","0.5%","0.1%","2.7%","3.6%","1.7%","0.0%","0.0%","0.0%","0.8%","1.3%","0.2%","0.5%","0.7%","0.1%","0.8%","1.1%","0.5%","0.4%","0.6%","0.2%","0.5%","0.6%","0.2%","0.4%","0.6%","0.1%"
"        Taxicab, motorcycle, or other means","2.0%","1.7%","2.5%","2.0%","2.0%","1.9%","1.7%","1.7%","1.7%","1.3%","1.2%","1.3%","3.5%","3.7%","3.3%","1.5%","1.7%","1.4%","2.1%","2.1%","2.1%","1.9%","1.9%","1.9%","1.2%","1.5%","1.0%","1.0%","0.8%","1.2%","2.4%","2.2%","2.6%","1.9%","1.9%","1.9%","2.5%","2.2%","2.8%","2.0%","1.6%","2.6%","1.6%","1.7%","1.4%","2.4%","2.0%","3.0%","1.2%","1.1%","1.3%","1.6%","1.3%","2.0%","1.5%","1.3%","1.7%","1.4%","1.4%","1.5%"
"        Worked from home","30.4%","31.4%","29.3%","6.2%","4.5%","8.2%","8.9%","7.1%","11.2%","11.4%","9.8%","13.2%","9.1%","7.0%","11.3%","14.1%","12.2%","16.2%","18.7%","17.3%","20.3%","16.2%","14.5%","18.2%","9.6%","8.5%","10.8%","19.2%","17.7%","21.2%","23.6%","23.3%","24.0%","17.0%","15.6%","18.7%","33.1%","32.1%","34.1%","9.5%","7.9%","11.6%","29.1%","27.2%","31.5%","5.9%","4.1%","8.4%","11.7%","11.2%","12.3%","18.5%","17.2%","20.1%","12.9%","11.7%","14.2%","10.4%","9.0%","12.0%"
"    PLACE OF WORK","","","","","","","","","","","","","","","","","","","","","","","","","","","","","","","","","","","","","","","","","","","","","","","","","","","","","","","","","","","",""
"        Worked in state of residence","99.1%","98.8%","99.5%","99.9%","99.8%","99.9%","99.7%","99.7%","99.7%","99.7%","99.6%","99.8%","99.8%","99.7%","99.9%","99.7%","99.6%","99.8%","99.6%","99.6%","99.7%","99.6%","99.6%","99.6%","99.9%","99.8%","100.0%","99.5%","99.5%","99.5%","99.6%","99.5%","99.7%","99.7%","99.6%","99.8%","99.0%","98.6%","99.4%","99.8%","99.8%","99.8%","99.7%","99.4%","100.0%","99.8%","99.8%","99.9%","99.8%","99.7%","99.9%","99.8%","99.6%","100.0%","99.7%","99.7%","99.7%","99.8%","99.8%","99.9%"
"            Worked in county of residence","86.4%","86.5%","86.3%","94.3%","92.7%","96.0%","84.6%","83.9%","85.4%","82.5%","80.4%","85.0%","96.5%","95.9%","97.2%","83.3%","83.1%","83.5%","97.3%","96.8%","97.8%","96.1%","94.7%","97.9%","91.7%","89.2%","94.6%","95.6%","95.7%","95.6%","97.3%","96.7%","98.0%","96.1%","95.2%","97.2%","97.1%","95.9%","98.2%","94.9%","93.0%","97.2%","96.7%","95.5%","98.1%","94.5%","93.4%","96.1%","95.0%","93.7%","96.6%","96.3%","95.8%","96.9%","93.5%","91.8%","95.5%","80.9%","80.5%","81.5%"
"            Worked outside county of residence","12.8%","12.4%","13.2%","5.6%","7.1%","3.9%","15.1%","15.7%","14.3%","17.2%","19.2%","14.8%","3.3%","3.9%","2.7%","16.4%","16.5%","16.3%","2.3%","2.8%","1.8%","3.5%","4.9%","1.7%","8.2%","10.6%","5.4%","3.8%","3.8%","3.9%","2.3%","2.8%","1.6%","3.6%","4.4%","2.7%","1.9%","2.7%","1.1%","4.9%","6.7%","2.7%","3.0%","3.9%","1.8%","5.3%","6.4%","3.8%","4.8%","6.1%","3.3%","3.5%","3.8%","3.1%","6.2%","7.9%","4.2%","18.9%","19.3%","18.4%"
"        Worked outside state of residence","0.9%","1.2%","0.5%","0.1%","0.2%","0.1%","0.3%","0.3%","0.3%","0.3%","0.4%","0.2%","0.2%","0.3%","0.1%","0.3%","0.4%","0.2%","0.4%","0.4%","0.3%","0.4%","0.4%","0.4%","0.1%","0.2%","0.0%","0.5%","0.5%","0.5%","0.4%","0.5%","0.3%","0.3%","0.4%","0.2%","1.0%","1.4%","0.6%","0.2%","0.2%","0.2%","0.3%","0.6%","0.0%","0.2%","0.2%","0.1%","0.2%","0.3%","0.1%","0.2%","0.4%","0.0%","0.3%","0.3%","0.3%","0.2%","0.2%","0.1%"
"        Living in a place","91.1%","90.8%","91.4%","98.8%","98.6%","99.1%","99.9%","99.9%","99.9%","98.3%","98.3%","98.3%","99.5%","99.6%","99.5%","99.7%","99.6%","99.8%","99.9%","99.9%","99.9%","98.6%","98.8%","98.4%","96.5%","95.9%","97.3%","96.5%","96.5%","96.6%","99.5%","99.4%","99.6%","99.5%","99.5%","99.6%","100.0%","100.0%","100.0%","94.1%","93.6%","94.6%","100.0%","100.0%","100.0%","100.0%","100.0%","100.0%","99.8%","99.8%","99.9%","100.0%","100.0%","100.0%","99.4%","99.3%","99.5%","99.0%","98.9%","99.1%"
"            Worked in place of residence","37.9%","37.4%","38.6%","14.8%","12.9%","17.0%","18.8%","16.1%","22.0%","20.3%","18.0%","22.9%","16.1%","14.1%","18.3%","35.7%","32.1%","39.7%","65.5%","64.6%","66.6%","37.2%","32.3%","43.4%","42.4%","37.4%","48.1%","28.6%","26.9%","30.9%","40.0%","39.4%","40.7%","63.0%","61.4%","64.9%","52.5%","51.4%","53.7%","29.6%","26.0%","34.3%","40.0%","38.8%","41.5%","12.6%","9.8%","16.4%","20.3%","19.6%","21.1%","37.6%","33.9%","42.2%","22.1%","20.2%","24.3%","19.1%","16.5%","22.0%"
"            Worked outside place of residence","53.2%","53.5%","52.9%","84.0%","85.7%","82.1%","81.1%","83.8%","77.9%","78.0%","80.3%","75.4%","83.4%","85.5%","81.2%","64.0%","67.5%","60.0%","34.4%","35.3%","33.3%","61.4%","66.5%","55.0%","54.2%","58.5%","49.1%","67.9%","69.6%","65.7%","59.5%","60.0%","58.9%","36.5%","38.1%","34.7%","47.5%","48.6%","46.3%","64.4%","67.7%","60.3%","60.0%","61.2%","58.5%","87.4%","90.2%","83.6%","79.6%","80.2%","78.8%","62.4%","66.1%","57.8%","77.3%","79.2%","75.2%","79.9%","82.4%","77.1%"
"        Not living in a place","8.9%","9.2%","8.6%","1.2%","1.4%","0.9%","0.1%","0.1%","0.1%","1.7%","1.7%","1.7%","0.5%","0.4%","0.5%","0.3%","0.4%","0.2%","0.1%","0.1%","0.1%","1.4%","1.2%","1.6%","3.5%","4.1%","2.7%","3.5%","3.5%","3.4%","0.5%","0.6%","0.4%","0.5%","0.5%","0.4%","0.0%","0.0%","0.0%","5.9%","6.4%","5.4%","0.0%","0.0%","0.0%","0.0%","0.0%","0.0%","0.2%","0.2%","0.1%","0.0%","0.0%","0.0%","0.6%","0.7%","0.5%","1.0%","1.1%","0.9%"
"        Living in 12 selected states","0.0%","0.0%","0.0%","0.0%","0.0%","0.0%","0.0%","0.0%","0.0%","0.0%","0.0%","0.0%","0.0%","0.0%","0.0%","0.0%","0.0%","0.0%","0.0%","0.0%","0.0%","0.0%","0.0%","0.0%","0.0%","0.0%","0.0%","0.0%","0.0%","0.0%","0.0%","0.0%","0.0%","0.0%","0.0%","0.0%","0.0%","0.0%","0.0%","0.0%","0.0%","0.0%","0.0%","0.0%","0.0%","0.0%","0.0%","0.0%","0.0%","0.0%","0.0%","0.0%","0.0%","0.0%","0.0%","0.0%","0.0%","0.0%","0.0%","0.0%"
"            Worked in minor civil division of residence","0.0%","0.0%","0.0%","0.0%","0.0%","0.0%","0.0%","0.0%","0.0%","0.0%","0.0%","0.0%","0.0%","0.0%","0.0%","0.0%","0.0%","0.0%","0.0%","0.0%","0.0%","0.0%","0.0%","0.0%","0.0%","0.0%","0.0%","0.0%","0.0%","0.0%","0.0%","0.0%","0.0%","0.0%","0.0%","0.0%","0.0%","0.0%","0.0%","0.0%","0.0%","0.0%","0.0%","0.0%","0.0%","0.0%","0.0%","0.0%","0.0%","0.0%","0.0%","0.0%","0.0%","0.0%","0.0%","0.0%","0.0%","0.0%","0.0%","0.0%"
"            Worked outside minor civil division of residence","0.0%","0.0%","0.0%","0.0%","0.0%","0.0%","0.0%","0.0%","0.0%","0.0%","0.0%","0.0%","0.0%","0.0%","0.0%","0.0%","0.0%","0.0%","0.0%","0.0%","0.0%","0.0%","0.0%","0.0%","0.0%","0.0%","0.0%","0.0%","0.0%","0.0%","0.0%","0.0%","0.0%","0.0%","0.0%","0.0%","0.0%","0.0%","0.0%","0.0%","0.0%","0.0%","0.0%","0.0%","0.0%","0.0%","0.0%","0.0%","0.0%","0.0%","0.0%","0.0%","0.0%","0.0%","0.0%","0.0%","0.0%","0.0%","0.0%","0.0%"
"        Not living in 12 selected states","100.0%","100.0%","100.0%","100.0%","100.0%","100.0%","100.0%","100.0%","100.0%","100.0%","100.0%","100.0%","100.0%","100.0%","100.0%","100.0%","100.0%","100.0%","100.0%","100.0%","100.0%","100.0%","100.0%","100.0%","100.0%","100.0%","100.0%","100.0%","100.0%","100.0%","100.0%","100.0%","100.0%","100.0%","100.0%","100.0%","100.0%","100.0%","100.0%","100.0%","100.0%","100.0%","100.0%","100.0%","100.0%","100.0%","100.0%","100.0%","100.0%","100.0%","100.0%","100.0%","100.0%","100.0%","100.0%","100.0%","100.0%","100.0%","100.0%","100.0%"
"Workers 16 years and over who did not work from home","18,658","9,705","8,953","139,750","75,932","63,818","173,558","96,751","76,807","384,980","211,077","173,903","158,719","85,110","73,609","242,266","130,713","111,553","1,017,074","557,287","459,787","105,024","59,352","45,672","68,900","37,221","31,679","32,249","18,586","13,663","102,752","55,150","47,602","739,888","404,686","335,202","33,315","16,772","16,543","82,870","47,442","35,428","51,185","28,903","22,282","193,572","113,691","79,881","130,786","70,106","60,680","56,009","31,271","24,738","127,014","68,799","58,215","132,846","72,481","60,365"
"    TIME OF DEPARTURE TO GO TO WORK","","","","","","","","","","","","","","","","","","","","","","","","","","","","","","","","","","","","","","","","","","","","","","","","","","","","","","","","","","","",""
"        12:00 a.m. to 4:59 a.m.","2.3%","1.3%","3.4%","9.1%","11.5%","6.4%","8.9%","12.1%","4.9%","8.8%","11.3%","5.7%","6.8%","8.2%","5.3%","6.0%","7.4%","4.4%","4.9%","5.9%","3.7%","7.0%","8.8%","4.6%","11.5%","15.8%","6.5%","3.6%","4.7%","2.1%","3.8%","4.6%","2.8%","5.0%","6.1%","3.6%","1.5%","1.7%","1.3%","13.9%","18.1%","8.2%","2.3%","2.7%","1.8%","10.9%","13.1%","7.7%","5.4%","6.9%","3.6%","4.0%","5.1%","2.7%","6.2%","8.0%","4.0%","8.2%","10.9%","5.0%"
"        5:00 a.m. to 5:29 a.m.","1.4%","0.7%","2.2%","6.5%","8.9%","3.6%","5.5%","7.3%","3.3%","5.7%","8.1%","2.9%","4.5%","5.6%","3.3%","4.4%","5.6%","2.9%","3.4%","4.4%","2.1%","5.7%","7.8%","2.9%","5.5%","7.6%","3.1%","4.1%","5.5%","2.1%","2.3%","2.9%","1.5%","3.9%","5.1%","2.4%","1.9%","1.9%","1.8%","7.5%","8.9%","5.5%","2.8%","4.3%","0.9%","7.2%","9.2%","4.5%","3.4%","4.4%","2.3%","3.5%","4.8%","1.8%","4.5%","5.4%","3.5%","4.4%","5.8%","2.7%"
"        5:30 a.m. to 5:59 a.m.","2.7%","4.5%","0.8%","6.0%","7.5%","4.2%","5.0%","6.1%","3.7%","4.9%","5.7%","4.0%","5.0%","5.8%","4.2%","4.4%","5.5%","3.1%","3.0%","3.6%","2.2%","5.5%","6.6%","4.1%","4.6%","6.1%","2.9%","4.9%","6.1%","3.2%","2.8%","3.0%","2.6%","3.8%","4.7%","2.6%","2.1%","1.6%","2.5%","4.7%","5.4%","3.8%","3.3%","3.3%","3.3%","5.2%","6.2%","3.7%","3.1%","3.6%","2.5%","3.0%","3.6%","2.3%","4.3%","5.2%","3.2%","5.0%","6.6%","3.1%"
"        6:00 a.m. to 6:29 a.m.","6.7%","9.7%","3.5%","9.8%","12.5%","6.5%","9.2%","10.2%","8.0%","8.4%","9.4%","7.1%","9.7%","11.2%","7.8%","8.5%","10.0%","6.8%","7.4%","8.8%","5.7%","9.5%","10.3%","8.3%","11.3%","13.6%","8.5%","5.6%","5.4%","5.9%","5.4%","6.6%","4.1%","8.6%","10.4%","6.5%","4.7%","6.7%","2.6%","11.3%","12.6%","9.6%","7.3%","7.4%","7.3%","9.9%","11.4%","7.8%","6.3%","7.6%","4.7%","7.7%","10.4%","4.4%","8.4%","9.9%","6.6%","8.8%","9.3%","8.3%"
"        6:30 a.m. to 6:59 a.m.","5.1%","6.8%","3.3%","6.8%","6.3%","7.4%","8.0%","8.0%","8.1%","6.9%","6.7%","7.2%","7.7%","7.9%","7.4%","7.2%","7.2%","7.1%","5.8%","5.6%","6.2%","7.8%","7.5%","8.2%","6.6%","6.0%","7.3%","6.4%","7.7%","4.8%","7.0%","7.4%","6.7%","7.3%","7.4%","7.2%","6.4%","4.9%","8.0%","5.8%","4.9%","7.0%","6.9%","6.0%","8.1%","8.6%","8.9%","8.2%","5.7%","5.3%","6.1%","7.5%","6.5%","8.9%","6.4%","6.3%","6.4%","8.3%","7.8%","9.0%"
"        7:00 a.m. to 7:29 a.m.","10.9%","11.7%","10.1%","11.8%","10.0%","14.0%","13.0%","11.4%","14.9%","12.3%","11.4%","13.3%","12.0%","11.3%","12.9%","16.4%","16.2%","16.5%","13.3%","12.6%","14.1%","13.5%","12.9%","14.2%","20.9%","17.4%","25.0%","13.6%","15.6%","10.8%","13.4%","13.7%","13.1%","13.8%","13.2%","14.5%","9.7%","10.3%","9.1%","14.4%","14.6%","14.3%","12.3%","12.4%","12.3%","13.0%","11.4%","15.2%","10.6%","9.7%","11.7%","11.3%","10.1%","12.8%","12.6%","12.5%","12.7%","17.4%","16.2%","18.9%"
"        7:30 a.m. to 7:59 a.m.","13.2%","13.2%","13.1%","7.9%","5.3%","11.1%","9.3%","7.9%","11.2%","8.2%","6.1%","10.8%","9.2%","7.5%","11.1%","7.6%","6.0%","9.5%","8.4%","7.6%","9.4%","9.0%","6.7%","12.1%","6.5%","4.7%","8.7%","10.5%","10.0%","11.1%","10.5%","7.8%","13.6%","9.2%","7.8%","10.8%","12.0%","10.9%","13.2%","6.2%","5.0%","7.9%","12.9%","12.0%","14.0%","7.8%","6.1%","10.3%","8.8%","8.4%","9.3%","12.0%","10.0%","14.6%","8.9%","7.9%","10.1%","9.5%","7.4%","12.1%"
"        8:00 a.m. to 8:29 a.m.","16.8%","14.6%","19.3%","10.8%","8.8%","13.2%","10.7%","9.1%","12.8%","12.4%","11.2%","13.8%","10.8%","9.0%","12.9%","15.9%","14.2%","17.9%","14.5%","13.8%","15.4%","11.5%","11.2%","11.8%","10.6%","7.3%","14.5%","17.3%","16.5%","18.3%","19.9%","19.9%","19.9%","13.7%","12.9%","14.7%","16.6%","18.6%","14.6%","9.7%","7.8%","12.2%","18.3%","20.2%","15.7%","9.2%","8.1%","10.7%","18.7%","18.0%","19.5%","13.9%","13.6%","14.2%","13.3%","12.6%","14.2%","12.1%","11.6%","12.8%"
"        8:30 a.m. to 8:59 a.m.","9.2%","10.0%","8.4%","3.6%","2.8%","4.6%","4.5%","3.4%","6.0%","5.3%","4.3%","6.6%","4.6%","3.7%","5.7%","4.3%","3.5%","5.2%","7.7%","6.7%","8.9%","5.3%","4.4%","6.4%","1.9%","1.2%","2.7%","8.9%","6.5%","12.1%","8.4%","7.7%","9.3%","6.1%","5.3%","7.0%","12.2%","8.9%","15.6%","2.5%","1.6%","3.6%","8.7%","8.0%","9.6%","3.8%","3.0%","4.8%","9.1%","7.7%","10.7%","9.4%","9.5%","9.3%","7.3%","6.2%","8.7%","4.6%","3.5%","6.1%"
"        9:00 a.m. to 11:59 p.m.","31.6%","27.4%","36.1%","27.7%","26.6%","29.0%","25.8%","24.7%","27.1%","27.1%","25.8%","28.7%","29.7%","29.8%","29.5%","25.3%","24.2%","26.6%","31.6%","31.0%","32.4%","25.4%","23.8%","27.4%","20.5%","20.2%","20.7%","25.2%","21.9%","29.6%","26.5%","26.4%","26.6%","28.6%","27.0%","30.6%","32.9%","34.5%","31.3%","23.9%","21.0%","27.8%","25.2%","23.7%","27.1%","24.4%","22.5%","27.1%","28.9%","28.3%","29.6%","27.6%","26.5%","29.1%","28.1%","26.0%","30.7%","21.5%","21.0%","22.1%"
"    TRAVEL TIME TO WORK","","","","","","","","","","","","","","","","","","","","","","","","","","","","","","","","","","","","","","","","","","","","","","","","","","","","","","","","","","","",""
"        Less than 10 minutes","15.8%","11.9%","20.1%","5.8%","5.0%","6.7%","6.9%","5.9%","8.2%","7.6%","6.5%","8.8%","6.9%","6.9%","6.9%","6.4%","5.7%","7.2%","6.1%","5.5%","6.9%","8.6%","6.5%","11.4%","8.7%","6.0%","11.9%","12.7%","10.7%","15.4%","9.6%","9.1%","10.2%","7.0%","6.4%","7.8%","11.0%","13.5%","8.5%","5.7%","4.3%","7.5%","11.4%","10.5%","12.5%","5.2%","4.7%","6.0%","6.4%","6.5%","6.2%","7.1%","6.0%","8.4%","8.2%","7.4%","9.1%","6.3%","5.4%","7.3%"
"        10 to 14 minutes","12.9%","10.7%","15.3%","9.8%","10.2%","9.3%","10.4%","9.8%","11.2%","10.9%","9.6%","12.5%","10.7%","10.9%","10.4%","10.2%","9.0%","11.7%","9.1%","8.7%","9.5%","11.7%","10.0%","13.8%","16.1%","14.0%","18.5%","10.7%","10.0%","11.7%","13.5%","12.9%","14.2%","10.0%","9.1%","11.2%","15.5%","12.9%","18.1%","9.2%","7.5%","11.5%","13.3%","13.5%","13.1%","8.1%","7.1%","9.5%","11.7%","11.4%","12.1%","15.3%","14.0%","16.9%","10.9%","10.1%","11.7%","9.7%","9.8%","9.6%"
"        15 to 19 minutes","11.5%","11.4%","11.5%","14.1%","13.4%","15.0%","13.2%","12.3%","14.4%","12.6%","11.5%","13.9%","16.0%","15.0%","17.1%","13.9%","12.8%","15.2%","12.5%","12.2%","13.0%","13.4%","11.9%","15.4%","18.7%","16.3%","21.6%","12.9%","13.0%","12.9%","14.0%","13.4%","14.6%","14.0%","13.3%","14.9%","14.7%","13.1%","16.2%","16.3%","14.7%","18.5%","17.7%","16.8%","18.8%","12.2%","11.5%","13.2%","12.8%","11.0%","15.0%","15.6%","15.1%","16.3%","13.8%","12.1%","15.8%","12.5%","11.5%","13.7%"
"        20 to 24 minutes","12.4%","11.6%","13.2%","16.9%","15.6%","18.4%","15.3%","15.0%","15.6%","12.8%","12.3%","13.4%","15.2%","15.0%","15.4%","16.5%","17.2%","15.6%","14.2%","13.8%","14.6%","10.1%","9.8%","10.6%","14.4%","14.0%","14.7%","12.6%","14.4%","10.2%","13.7%","14.2%","13.1%","13.7%","13.2%","14.2%","12.5%","12.7%","12.3%","13.1%","11.9%","14.7%","12.1%","12.6%","11.5%","15.5%","14.9%","16.3%","14.2%","13.6%","14.9%","15.7%","16.1%","15.2%","13.9%","13.7%","14.2%","13.7%","13.1%","14.4%"
"        25 to 29 minutes","6.2%","6.9%","5.5%","7.2%","7.4%","6.9%","6.3%","6.2%","6.5%","5.2%","5.3%","5.2%","6.8%","6.2%","7.4%","6.1%","6.5%","5.7%","6.1%","6.0%","6.3%","4.3%","3.9%","4.7%","3.7%","4.1%","3.4%","5.6%","4.6%","7.0%","6.2%","6.6%","5.7%","5.9%","5.7%","6.1%","5.7%","5.5%","5.9%","3.0%","2.2%","4.0%","6.5%","6.2%","6.8%","5.8%","5.5%","6.3%","6.8%","6.6%","7.1%","8.0%","8.6%","7.3%","5.8%","5.1%","6.7%","5.9%","5.6%","6.3%"
"        30 to 34 minutes","10.3%","11.1%","9.5%","19.9%","20.4%","19.4%","18.0%","19.3%","16.2%","16.5%","17.6%","15.2%","15.9%","16.6%","15.0%","17.4%","18.8%","15.8%","20.8%","21.8%","19.7%","10.1%","11.3%","8.4%","6.6%","6.5%","6.7%","13.6%","14.8%","11.8%","15.8%","15.9%","15.6%","17.6%","18.5%","16.6%","16.0%","17.1%","14.9%","7.7%","7.5%","8.0%","10.1%","11.0%","8.9%","21.6%","23.0%","19.5%","18.6%","19.9%","17.0%","13.3%","13.4%","13.1%","18.3%","18.9%","17.6%","16.5%","17.0%","15.9%"
"        35 to 44 minutes","5.9%","7.0%","4.7%","7.1%","7.1%","7.1%","7.4%","7.4%","7.4%","8.1%","8.8%","7.3%","7.8%","7.6%","8.1%","8.4%","8.3%","8.6%","8.9%","8.9%","9.0%","9.1%","9.8%","8.2%","3.7%","4.4%","2.9%","10.2%","9.9%","10.7%","8.1%","8.3%","7.9%","8.6%","8.6%","8.6%","8.8%","9.7%","7.9%","4.0%","4.1%","3.8%","7.0%","7.6%","6.3%","8.7%","9.1%","8.2%","7.9%","7.5%","8.3%","6.8%","7.6%","5.8%","7.9%","8.4%","7.3%","9.3%","9.3%","9.3%"
"        45 to 59 minutes","9.6%","11.4%","7.6%","8.9%","9.9%","7.8%","10.6%","11.3%","9.6%","11.3%","11.7%","10.7%","9.4%","9.6%","9.3%","9.5%","9.6%","9.4%","10.3%","10.8%","9.7%","13.6%","14.7%","12.2%","8.9%","9.5%","8.0%","10.0%","10.0%","10.0%","8.9%","9.4%","8.3%","10.3%","10.7%","9.8%","8.6%","8.4%","8.7%","10.5%","11.3%","9.5%","9.8%","10.1%","9.5%","9.6%","10.0%","9.0%","10.5%","11.3%","9.6%","8.4%","9.1%","7.6%","9.8%","11.0%","8.5%","11.9%","12.5%","11.1%"
"        60 or more minutes","15.4%","18.1%","12.5%","10.3%","11.0%","9.5%","11.8%","12.6%","10.9%","15.0%","16.8%","12.8%","11.4%","12.3%","10.4%","11.4%","12.1%","10.6%","11.9%","12.4%","11.3%","19.1%","21.9%","15.3%","19.2%","25.2%","12.2%","11.6%","12.5%","10.4%","10.2%","10.2%","10.3%","12.9%","14.5%","10.8%","7.2%","6.9%","7.6%","30.5%","36.5%","22.5%","12.0%","11.7%","12.5%","13.3%","14.2%","11.9%","11.1%","12.2%","9.9%","9.8%","10.2%","9.4%","11.4%","13.3%","9.1%","14.2%","15.8%","12.3%"
"        Mean travel time to work (minutes)","29.1","31.7","26.2","29.2","30.0","28.2","30.0","31.1","28.7","31.9","33.7","29.8","29.2","29.8","28.6","29.8","30.6","29.0","30.8","31.3","30.1","34.1","37.1","30.2","32.9","37.5","27.5","29.4","29.9","28.7","27.8","28.0","27.7","30.7","32.1","28.9","25.8","25.9","25.6","41.1","44.9","36.1","27.4","27.6","27.2","31.5","32.5","30.1","29.9","30.9","28.7","27.4","28.5","26.0","29.5","31.3","27.4","32.2","33.4","30.7"
"VEHICLES AVAILABLE","","","","","","","","","","","","","","","","","","","","","","","","","","","","","","","","","","","","","","","","","","","","","","","","","","","","","","","","","","","",""
"    Workers 16 years and over in households","25,910","13,801","12,109","148,693","79,302","69,391","190,283","103,884","86,399","429,250","231,954","197,296","174,015","91,083","82,932","280,878","148,272","132,606","1,232,886","665,713","567,173","124,925","69,272","55,653","75,670","40,413","35,257","39,521","22,289","17,232","133,706","71,340","62,366","888,974","477,601","411,373","49,721","24,625","25,096","91,468","51,457","40,011","72,189","39,694","32,495","205,702","118,545","87,157","147,976","78,874","69,102","68,620","37,732","30,888","145,439","77,622","67,817","146,999","79,061","67,938"
"        No vehicle available","1.1%","0.8%","1.6%","2.2%","1.9%","2.5%","2.5%","2.1%","2.9%","2.2%","2.0%","2.4%","4.6%","4.3%","4.8%","3.7%","3.6%","3.9%","7.5%","7.5%","7.4%","1.4%","1.3%","1.6%","2.6%","2.4%","2.8%","2.1%","2.1%","2.1%","3.0%","2.6%","3.5%","2.8%","2.7%","3.0%","4.8%","5.6%","4.1%","2.3%","1.9%","2.8%","1.7%","1.5%","1.9%","4.3%","3.9%","5.0%","3.4%","3.4%","3.4%","2.0%","2.0%","2.1%","2.6%","2.6%","2.6%","2.4%","2.8%","2.0%"
"        1 vehicle available","13.0%","12.8%","13.2%","12.9%","11.5%","14.6%","14.5%","13.7%","15.3%","11.2%","9.8%","13.0%","24.2%","22.2%","26.4%","23.9%","22.5%","25.3%","32.6%","31.4%","34.0%","12.7%","11.4%","14.2%","16.7%","12.7%","21.2%","14.5%","12.7%","16.7%","23.2%","21.1%","25.6%","22.0%","20.7%","23.6%","40.5%","37.1%","43.8%","12.1%","11.3%","13.2%","22.8%","22.2%","23.7%","17.9%","16.9%","19.3%","17.1%","15.7%","18.7%","18.5%","17.9%","19.3%","16.4%","14.8%","18.2%","10.9%","10.0%","11.8%"
"        2 vehicles available","45.9%","46.3%","45.4%","30.1%","30.3%","29.9%","32.2%","32.9%","31.3%","32.2%","32.6%","31.6%","37.4%","37.7%","37.1%","37.9%","39.0%","36.8%","37.0%","36.9%","37.0%","41.9%","42.7%","40.8%","35.6%","36.2%","34.9%","41.4%","41.9%","40.8%","42.2%","43.5%","40.8%","39.4%","39.9%","38.8%","41.4%","43.2%","39.6%","30.8%","31.0%","30.5%","52.0%","51.5%","52.5%","33.7%","34.2%","32.9%","38.7%","38.4%","39.0%","46.0%","46.2%","45.8%","36.3%","37.1%","35.5%","33.6%","33.1%","34.2%"
"        3 or more vehicles available","40.0%","40.1%","39.8%","54.7%","56.3%","52.9%","50.9%","51.2%","50.4%","54.4%","55.6%","53.0%","33.8%","35.7%","31.6%","34.5%","34.9%","33.9%","23.0%","24.2%","21.6%","44.0%","44.6%","43.3%","45.1%","48.6%","41.0%","42.0%","43.3%","40.3%","31.5%","32.8%","30.0%","35.8%","36.7%","34.7%","13.3%","14.1%","12.5%","54.9%","55.9%","53.5%","23.5%","24.8%","21.9%","44.1%","45.0%","42.8%","40.8%","42.5%","38.8%","33.4%","33.8%","32.9%","44.7%","45.5%","43.7%","53.1%","54.0%","52.0%"
"PERCENT ALLOCATED","","","","","","","","","","","","","","","","","","","","","","","","","","","","","","","","","","","","","","","","","","","","","","","","","","","","","","","","","","","",""
"    Means of transportation to work","16.2%","(X)","(X)","15.0%","(X)","(X)","17.2%","(X)","(X)","15.6%","(X)","(X)","17.2%","(X)","(X)","15.0%","(X)","(X)","15.3%","(X)","(X)","13.9%","(X)","(X)","15.4%","(X)","(X)","13.4%","(X)","(X)","12.3%","(X)","(X)","17.6%","(X)","(X)","13.9%","(X)","(X)","16.0%","(X)","(X)","11.0%","(X)","(X)","15.9%","(X)","(X)","15.0%","(X)","(X)","11.3%","(X)","(X)","14.1%","(X)","(X)","17.1%","(X)","(X)"
"    Private vehicle occupancy","18.0%","(X)","(X)","17.3%","(X)","(X)","19.7%","(X)","(X)","18.2%","(X)","(X)","20.1%","(X)","(X)","17.1%","(X)","(X)","17.9%","(X)","(X)","17.3%","(X)","(X)","17.6%","(X)","(X)","15.1%","(X)","(X)","14.4%","(X)","(X)","20.6%","(X)","(X)","15.7%","(X)","(X)","18.2%","(X)","(X)","13.0%","(X)","(X)","18.2%","(X)","(X)","18.2%","(X)","(X)","13.6%","(X)","(X)","16.7%","(X)","(X)","18.6%","(X)","(X)"
"    Place of work","16.9%","(X)","(X)","22.2%","(X)","(X)","24.0%","(X)","(X)","22.6%","(X)","(X)","24.6%","(X)","(X)","19.3%","(X)","(X)","18.9%","(X)","(X)","19.4%","(X)","(X)","18.9%","(X)","(X)","17.1%","(X)","(X)","13.5%","(X)","(X)","21.4%","(X)","(X)","13.9%","(X)","(X)","22.4%","(X)","(X)","12.2%","(X)","(X)","22.9%","(X)","(X)","20.9%","(X)","(X)","14.0%","(X)","(X)","21.4%","(X)","(X)","21.5%","(X)","(X)"
"    Time of departure to go to work","31.4%","(X)","(X)","28.3%","(X)","(X)","33.0%","(X)","(X)","28.8%","(X)","(X)","29.9%","(X)","(X)","27.4%","(X)","(X)","28.8%","(X)","(X)","36.1%","(X)","(X)","26.3%","(X)","(X)","28.3%","(X)","(X)","24.1%","(X)","(X)","31.1%","(X)","(X)","26.8%","(X)","(X)","31.7%","(X)","(X)","25.1%","(X)","(X)","27.3%","(X)","(X)","29.0%","(X)","(X)","22.1%","(X)","(X)","27.1%","(X)","(X)","27.3%","(X)","(X)"
"    Travel time to work","23.3%","(X)","(X)","23.2%","(X)","(X)","24.1%","(X)","(X)","23.7%","(X)","(X)","26.5%","(X)","(X)","21.6%","(X)","(X)","24.7%","(X)","(X)","22.4%","(X)","(X)","20.5%","(X)","(X)","19.3%","(X)","(X)","18.6%","(X)","(X)","25.9%","(X)","(X)","21.7%","(X)","(X)","25.1%","(X)","(X)","17.4%","(X)","(X)","24.8%","(X)","(X)","24.0%","(X)","(X)","16.4%","(X)","(X)","22.5%","(X)","(X)","21.8%","(X)","(X)"
"    Vehicles available","1.8%","(X)","(X)","2.0%","(X)","(X)","2.0%","(X)","(X)","1.9%","(X)","(X)","2.4%","(X)","(X)","1.9%","(X)","(X)","2.1%","(X)","(X)","1.5%","(X)","(X)","2.6%","(X)","(X)","1.9%","(X)","(X)","1.5%","(X)","(X)","2.1%","(X)","(X)","1.7%","(X)","(X)","2.1%","(X)","(X)","1.2%","(X)","(X)","1.8%","(X)","(X)","1.9%","(X)","(X)","1.1%","(X)","(X)","1.6%","(X)","(X)","2.2%","(X)","(X)"