"Label (Grouping)","Agoura Hills-Malibu CCD, Los Angeles County, California!!Estimate","Compton CCD, Los Angeles County, California!!Estimate","Downey-Norwalk CCD, Los Angeles County, California!!Estimate","East San Gabriel Valley CCD, Los Angeles County, California!!Estimate","Inglewood CCD, Los Angeles County, California!!Estimate","Long Beach-Lakewood CCD, Los Angeles County, California!!Estimate","Los Angeles CCD, Los Angeles County, California!!Estimate","Newhall CCD, Los Angeles County, California!!Estimate","North Antelope Valley CCD, Los Angeles County, California!!Estimate","Palos Verdes CCD, Los Angeles County, California!!Estimate","Pasadena CCD, Los Angeles County, California!!Estimate","San Fernando Valley CCD, Los Angeles County, California!!Estimate","Santa Monica CCD, Los Angeles County, California!!Estimate","South Antelope Valley CCD, Los Angeles County, California!!Estimate","South Bay Cities CCD, Los Angeles County, California!!Estimate","South Gate-East Los Angeles CCD, Los Angeles County, California!!Estimate","Southwest San Gabriel Valley CCD, Los Angeles County, California!!Estimate","Torrance CCD, Los Angeles County, California!!Estimate","Upper San Gabriel Valley CCD, Los Angeles County, California!!Estimate","Whittier CCD, Los Angeles County, California!!Estimate"
"Total:","26,813","149,032","190,552","434,312","174,552","281,893","1,250,544","125,258","76,221","39,919","134,488","891,705","49,796","91,585","72,225","205,779","148,137","68,734","145,789","148,268"
"    Car, truck, or van:","17,173","130,231","162,807","361,490","139,959","220,216","826,588","99,569","65,744","29,369","89,865","675,278","26,691","79,004","47,040","171,207","121,903","53,178","117,401","125,975"
"        Drove alone","16,085","112,894","140,950","311,346","121,026","195,857","726,202","88,823","57,284","27,033","82,134","596,193","25,183","68,056","44,168","141,963","105,352","48,903","101,208","111,685"
"        Carpooled:","1,088","17,337","21,857","50,144","18,933","24,359","100,386","10,746","8,460","2,336","7,731","79,085","1,508","10,948","2,872","29,244","16,551","4,275","16,193","14,290"
"            In 2-person carpool","791","12,905","15,237","35,303","14,369","18,899","77,020","7,599","6,160","1,848","5,787","58,749","1,150","6,749","2,195","21,952","11,831","3,074","11,912","9,255"
"            In 3-person carpool","77","2,108","4,167","8,792","3,134","3,560","15,080","1,527","1,348","297","964","12,199","122","2,261","382","5,055","3,032","822","2,686","2,473"
"            In 4-or-more-person carpool","220","2,324","2,453","6,049","1,430","1,900","8,286","1,620","952","191","980","8,137","236","1,938","295","2,237","1,688","379","1,595","2,562"
"    Public transportation (excluding taxicab):","43","4,721","4,248","9,022","7,820","9,587","102,289","2,154","986","473","4,304","28,839","1,379","1,111","499","11,213","3,601","772","4,518","2,345"
"        Bus","43","3,814","3,255","5,988","7,352","7,987","88,663","1,565","667","306","2,221","23,671","1,070","709","330","10,341","3,372","720","3,213","1,805"
"        Subway or elevated rail","0","631","469","904","250","944","10,252","119","34","98","1,244","2,389","129","56","28","628","158","0","710","190"
"        Long-distance train or commuter rail","0","141","299","1,421","92","288","1,033","337","229","69","189","882","39","275","70","32","24","0","313","220"
"        Light rail, streetcar or trolley (carro público in Puerto Rico)","0","135","178","696","108","345","2,243","0","8","0","644","264","141","41","71","212","47","52","282","60"
"        Ferryboat","0","0","47","13","18","23","98","133","48","0","6","1,633","0","30","0","0","0","0","0","70"
"    Bicycle","95","246","720","1,695","1,356","1,534","10,969","85","285","308","1,194","2,905","1,327","20","567","1,015","1,165","289","660","529"
"    Walked","799","1,612","2,583","7,297","3,448","6,654","50,488","858","933","1,696","4,171","15,982","2,689","869","1,927","5,098","2,351","660","2,244","1,890"
"    Taxicab, motorcycle, or other means","548","2,940","3,200","5,476","6,136","4,275","26,740","2,358","952","403","3,218","16,884","1,229","1,866","1,152","5,039","1,766","1,110","2,191","2,107"
"    Worked from home","8,155","9,282","16,994","49,332","15,833","39,627","233,470","20,234","7,321","7,670","31,736","151,817","16,481","8,715","21,040","12,207","17,351","12,725","18,775","15,422"
"    Male:","14,143","79,507","104,092","233,994","91,559","148,811","673,842","69,453","40,689","22,574","71,888","479,223","24,697","51,530","39,709","118,579","78,979","37,769","77,902","79,634"
"        Car, truck, or van:","9,060","71,117","90,988","198,773","74,651","119,600","457,395","56,486","35,465","16,949","47,909","371,272","13,094","45,672","26,361","103,264","65,886","29,804","63,363","68,946"
"            Drove alone","8,611","62,861","80,231","172,225","65,903","106,964","405,785","50,999","30,765","15,764","43,610","330,027","12,538","39,592","24,748","87,452","58,076","27,578","55,051","61,726"
"            Carpooled:","449","8,256","10,757","26,548","8,748","12,636","51,610","5,487","4,700","1,185","4,299","41,245","556","6,080","1,613","15,812","7,810","2,226","8,312","7,220"
"                In 2-person carpool","337","6,074","7,122","18,565","7,135","9,651","39,241","4,041","3,343","934","3,179","30,065","364","3,443","1,224","11,786","5,282","1,549","6,084","4,749"
"                In 3-person carpool","24","1,122","2,339","4,799","1,083","2,082","7,430","682","714","109","556","6,488","26","1,372","187","2,719","1,655","335","1,367","1,110"
"                In 4-or-more-person carpool","88","1,060","1,296","3,184","530","903","4,939","764","643","142","564","4,692","166","1,265","202","1,307","873","342","861","1,361"
"        Public transportation (excluding taxicab):","28","2,315","1,794","4,489","3,929","4,512","52,703","1,060","524","246","2,075","14,393","850","594","349","5,039","1,262","465","2,722","1,140"
"            Bus","28","1,903","1,316","2,872","3,701","3,755","44,413","696","390","171","855","11,326","583","398","213","4,635","1,176","413","1,893","822"
"            Subway or elevated rail","0","296","237","469","74","479","6,304","58","34","33","789","1,617","100","0","17","310","41","0","474","138"
"            Long-distance train or commuter rail","0","99","170","650","72","128","573","218","72","42","108","515","39","144","70","0","17","0","180","112"
"            Light rail, streetcar or trolley (carro público in Puerto Rico)","0","17","57","495","64","140","1,389","0","8","0","317","99","128","22","49","94","28","52","175","32"
"            Ferryboat","0","0","14","3","18","10","24","88","20","0","6","836","0","30","0","0","0","0","0","36"
"        Bicycle","14","176","498","1,396","1,155","970","8,737","75","181","297","1,050","2,294","888","20","515","887","837","236","498","455"
"        Walked","367","735","1,732","3,557","1,948","3,170","24,098","433","445","904","2,535","7,628","1,404","329","986","2,121","1,236","277","1,167","860"
"        Taxicab, motorcycle, or other means","236","1,589","1,739","2,862","3,427","2,461","14,354","1,298","606","190","1,581","9,099","536","827","692","2,380","885","489","1,049","1,080"
"        Worked from home","4,438","3,575","7,341","22,917","6,449","18,098","116,555","10,101","3,468","3,988","16,738","74,537","7,925","4,088","10,806","4,888","8,873","6,498","9,103","7,153"
"    Female:","12,670","69,525","86,460","200,318","82,993","133,082","576,702","55,805","35,532","17,345","62,600","412,482","25,099","40,055","32,516","87,200","69,158","30,965","67,887","68,634"
"        Car, truck, or van:","8,113","59,114","71,819","162,717","65,308","100,616","369,193","43,083","30,279","12,420","41,956","304,006","13,597","33,332","20,679","67,943","56,017","23,374","54,038","57,029"
"            Drove alone","7,474","50,033","60,719","139,121","55,123","88,893","320,417","37,824","26,519","11,269","38,524","266,166","12,645","28,464","19,420","54,511","47,276","21,325","46,157","49,959"
"            Carpooled:","639","9,081","11,100","23,596","10,185","11,723","48,776","5,259","3,760","1,151","3,432","37,840","952","4,868","1,259","13,432","8,741","2,049","7,881","7,070"
"                In 2-person carpool","454","6,831","8,115","16,738","7,234","9,248","37,779","3,558","2,817","914","2,608","28,684","786","3,306","971","10,166","6,549","1,525","5,828","4,506"
"                In 3-person carpool","53","986","1,828","3,993","2,051","1,478","7,650","845","634","188","408","5,711","96","889","195","2,336","1,377","487","1,319","1,363"
"                In 4-or-more-person carpool","132","1,264","1,157","2,865","900","997","3,347","856","309","49","416","3,445","70","673","93","930","815","37","734","1,201"
"        Public transportation (excluding taxicab):","15","2,406","2,454","4,533","3,891","5,075","49,586","1,094","462","227","2,229","14,446","529","517","150","6,174","2,339","307","1,796","1,205"
"            Bus","15","1,911","1,939","3,116","3,651","4,232","44,250","869","277","135","1,366","12,345","487","311","117","5,706","2,196","307","1,320","983"
"            Subway or elevated rail","0","335","232","435","176","465","3,948","61","0","65","455","772","29","56","11","318","117","0","236","52"
"            Long-distance train or commuter rail","0","42","129","771","20","160","460","119","157","27","81","367","0","131","0","32","7","0","133","108"
"            Light rail, streetcar or trolley (carro público in Puerto Rico)","0","118","121","201","44","205","854","0","0","0","327","165","13","19","22","118","19","0","107","28"
"            Ferryboat","0","0","33","10","0","13","74","45","28","0","0","797","0","0","0","0","0","0","0","34"
"        Bicycle","81","70","222","299","201","564","2,232","10","104","11","144","611","439","0","52","128","328","53","162","74"
"        Walked","432","877","851","3,740","1,500","3,484","26,390","425","488","792","1,636","8,354","1,285","540","941","2,977","1,115","383","1,077","1,030"
"        Taxicab, motorcycle, or other means","312","1,351","1,461","2,614","2,709","1,814","12,386","1,060","346","213","1,637","7,785","693","1,039","460","2,659","881","621","1,142","1,027"
"        Worked from home","3,717","5,707","9,653","26,415","9,384","21,529","116,915","10,133","3,853","3,682","14,998","77,280","8,556","4,627","10,234","7,319","8,478","6,227","9,672","8,269"